{
  "type": "video/webm; codecs=\"vp8, vorbis\"",
  "duration": 30892.000000,
  "init": { "offset": 0, "size": 4649},
  "media": [
    { "offset": 4649, "size": 312661, "timecode": 0.000000 },
    { "offset": 317310, "size": 233386, "timecode": 9.991000 },
    { "offset": 550696, "size": 228280, "timecode": 19.999000 },
    { "offset": 778976, "size": 25250, "timecode": 29.984000 }
  ]
}
